N1,N2,ThreadBlockShapeM,ThreadBlockShapeN,ThreadBlockShapeK,WarpShapeM,WarpShapeN,WarpShapeK,Fused,ShmemNonFusionTime,ShmemFusionTime
384,384,32,384,64,32,96,64,True,0.0193712,0.0185923
384,384,32,384,96,32,96,64,True,0.0196176,0.0218254
384,384,32,384,96,32,96,96,True,0.019355,0.0206583
384,384,48,384,64,48,96,64,True,0.0193756,0.0171875
384,384,48,384,96,48,96,64,True,0.0196663,0.0189268
384,384,48,384,96,48,96,96,True,0.0193841,0.0198398
